tfid__max_features,tfid__ngram_range,tfid__stop_words,score,train_score,test_score,tfid__max_df,tfid__min_df
500,"(1, 3)",english,0.4766122924937437,0.5616,0.4949,,
500,"(1, 3)",english,0.4766122924937437,0.5616,0.4949,1.0,1.0
900,"(1, 2)",,0.48178989295494157,0.5863,0.4923,,
900,"(1, 2)",,0.48178989295494157,0.5863,0.4923,1.0,1.0
500,"(1, 2)",,0.4801724250881124,0.5661,0.4991,0.25,1.0
600,"(1, 2)",,0.4874555507514118,0.5713,0.4885,1.0,1.0
